job_role,skill
Software Engineer,"Java, Python, C++, Data Structures, Algorithms"
Frontend Developer,"HTML,CSS, JavaScript, React, Vue.js, Angular"
Backend Developer,"Node.js,Express,Django,Ruby on Rails,Java"
Full Stack Developer,"JavaScript,React,Node.js, MongoDB,Express"
DevOps Engineer,"Docker,Kubernetes,CI/CD,AWS,Terraform"
Database Administrator,"MySQL,PostgreSQL,Oracle,SQL Server,NoSQL"
Machine Learning Engineer,"Python,TensorFlow,Keras,Scikit-learn,PyTorch"
Data Scientist,"Python,R,Data Analysis,Machine Learning,SQL"
Mobile App Developer,"Swift,Kotlin,React Native,Flutter,Android SDK"
Cloud Engineer,"AWS,Azure,Google Cloud,Terraform,Docker"
Security Engineer,"Cybersecurity,Penetration Testing,Firewalls,Encryption,SIEM"
Systems Engineer,"Linux,Unix,Networking,Automation,Cloud"
Quality Assurance Engineer,"Testing,Automation,Selenium,JUnit,CI/CD"
Scrum Master,"Agile,Scrum,Project Management,Jira,Team Leadership"
Product Manager,"Product Strategy,Market Research,Agile,Roadmap,UX/UI"
UX/UI Designer,"Sketch,Figma,Adobe XD,Wireframing,Prototyping"
Technical Support Engineer,"Troubleshooting,Networking,Linux,Customer Service,Scripting"
Game Developer,"C#,Unity,Unreal Engine,Game Design,3D Modeling"
Embedded Systems Engineer,"C,C++,Embedded Linux,Microcontrollers,RTOS"
Blockchain Developer,"Blockchain,Ethereuz,Smart Contracts,Solidity,Cryptography"
AI Engineer,"Python,Deep Learning,Natural Language Processing,TensorFlow,PyTorch"
IT Manager,"Leadership,Project Management,Networking,Systems Administration,Security"
Network Engineer,"Networking,Cisco,TCP/IP,VPN,Firewall"
Site Reliability Engineer,"Linux,Monitoring,Cloud,Automation,Incident Management"
Sales Engineer,"Technical Sales,Customer Relationships,Software Demos,Solution Architecture,Networking"
Business Intelligence Developer,"SQL,ETL,Data Warehousing,Power BI,Tableau"
Technical Writer,"Documentation,Technical Communication,APIs,Markdown,Version Control"
IT Consultant,"Consulting,Networking,Cloud Solutions,Business Analysis,Security"
Cloud Architect,"AWS,Azure,Google Cloud,Infrastructure as Code,Cloud Security"
Network Administrator,"Networking,Windows Server,Cisco,Firewall,DNS"
Hardware Engineer,"Circuit Design,PCB Design,Embedded Systems,Testing,Hardware Prototyping"
Software Architect,"Software Design,System Architecture,Microservices,Cloud,Leadership"
Web Developer,"HTML,CSS,JavaScript,React,Node.js"
iOS Developer,"Swift,Objective-C,Xcode,Cocoa Touch,Core Data"
Android Developer,"Kotlin,Java, 'Android SDK,Gradle,Firebase"
JavaScript Developer,"JavaScript,ES6,React,Node.js,Vue.js"
PHP Developer,"PHP,MySQL,Laravel,Symfony,JavaScript"
Ruby Developer,"Ruby,Rails,Rake,RSpec,SQL"
Python Developer,"Python,Django,Flask,SQLAlchemy,Pandas"
C++ Developer,"C++', 'Data Structures',STL,Boost,Linux"
Java Developer,"Java,Spring,Hibernate,JPA,Maven"
React Developer,"React,JavaScript,Redux,Webpack,Node.js"
Vue.js Developer,"Vue.js,JavaScript,Vuex,Nuxt.js,Node.js"
Angular Developer,"Angular,TypeScript,RxJS,HTML,CSS"
C# Developer,"C#',ASP.NET,MVC,Entity Framework,LINQ"
Swift Developer,"Swift,Objective-C,iOS SDK,Xcode,Cocoa Touch"
Objective-C Developer,"Objective-C,iOS SDK,Cocoa,Xcode,Memory Management"
Go Developer,"Go,Concurrency,Golang,Go Routines,API Design"
Rust Developer,"Rust,Concurrency,Memory Safety,Cargo,WebAssembly"
Perl Developer,"Perl,CGI,Regular Expressions,DBI,Moose"
Scala Developer,"Scala,Play Framework,Spark,Functional Programming"
Kotlin Developer,"Kotlin,Android SDK,Jetpack,Coroutines,Firebase"
Android SDK Developer,"Java,Kotlin,Android SDK,Gradle,Firebase"
Web Designer,"HTML,CSS,Adobe Photoshop,Wireframing,UI/UX"
UI Designer,"UI Design,Sketch,Adobe XD,Prototyping,User Research"
UX Designer,"UX Design,Wireframing,Prototyping,User Research,User Testing"
SEO Specialist,"SEO,Google Analytics,Keyword Research,Content Strategy,Link Building"
Digital Marketing Specialist,"SEO,SEM,Google Ads,Social Media,Content Marketing"
Content Writer,"Content Writing,SEO,Copywriting,Blogging,Research"
Business Analyst,"Business Analysis,Agile,Jira,Data Analysis,Requirements Gathering"
Product Designer,"Product DesignUI/UX,Sketch,Prototyping,Wireframing"
DevOps Architect,"DevOps,CI/CD,Docker,Kubernetes,AWS"
Cloud Consultant,"AWS,Azure,Google Cloud,Cloud Architecture,Consulting"
IT Security Specialist,"Firewalls,Penetration Testing,Cryptography,Networking,Security Tools"
Penetration Tester,"Ethical Hacking,Vulnerability Assessment,Exploit Development,Metasploit,Wireshark"
Blockchain Architect,"Blockchain,Smart Contracts,Ethereum,Hyperledger,Cryptocurrency"
Data Engineer,"SQL,ETL,Data Pipelines,Big Data,Apache Hadoop"
Big Data Engineer,"Hadoop,Spark,Kafka,MapReduce,NoSQL"
Product Owner,"Agile,Scrum,Stakeholder Management,Product Roadmap,Jira"
Test Automation Engineer,"Automation,Selenium,JUnit,TestNG,CI/CD"
Build Engineer,"CI/CD,Automation,Jenkins,Maven,Docker"
Data Analyst,"SQL,Excel,Data Visualization,Power BI,Tableau"
Network Security Engineer,"Firewalls,VPN,Intrusion Detection,Security Protocols,Networking"
Cloud Security Engineer,"Cloud Security,AWS,Azure,Google Cloud,IAM"
Application Support Engineer,"Troubleshooting,SQL,Customer Support,Java,Unix"
Game Developer,"C#,Unity,Unreal Engine,Game Design,3D Modeling"
Embedded Systems Engineer,"C,C++,Embedded Linux,Microcontrollers,RTOS"
Blockchain Developer,"Blockchain,Ethereum,Smart Contracts,Solidity,Cryptography"
AI Engineer,"Python,Deep Learning,Natural Language Processing,TensorFlow,PyTorch"
AI Research Scientist,"Machine Learning,Deep Learning,NLP,Computer Vision,TensorFlow"
AI Data Analyst,"Data Analysis,Python,SQL,Big Data,Machine Learning"
AI Product Manager,"Product Strategy,AI Models,Business Development,AI Research,Machine Learning"
AI Architect,"Cloud Computing', 'AI Model Development', 'Big Data', 'Scalable Systems', 'AI Frameworks"
Robotics Engineer,"Robotics,C++,Python,Embedded Systems,ROS"
Computer Vision Engineer,"Computer Vision,OpenCV,Python,TensorFlow,Deep Learning"
Natural Language Processing (NLP) Engineer,"NLP,Python,Deep Learning,TensorFlow,SpaCy"
Reinforcement Learning Engineer,"Reinforcement Learning,Deep Learning,Python,TensorFlow,Gym"
AI Business Analyst,"Business Analysis,Data Science,Machine Learning,AI Strategy,AI Use Cases"
AI Software Engineer,"Python,Java,AI Development,Machine Learning,TensorFlow"
Machine Learning Researcher,"Machine Learning,Deep Learning,Python,Research,Statistics"
AI/ML Engineer,"Machine Learning,Python,TensorFlow,Scikit-learn,Keras"
AI Solutions Architect,"AI Solutions,Architecture,Cloud,Big Data,Machine Learning"
AI Developer,"AI Programming,Python,C++,TensorFlow,Keras"
AI Trainer,"Training Models,Deep Learning,TensorFlow,Data Annotation,AI Models"
AI Consultant,"AI Strategy,Consulting,Machine Learning,NLP,AI Use Cases"
AI Data Engineer,"Data Engineering,Python,SQL,ETL,Machine Learning"
AI Business Consultant,"AI Business Strategy,Market Research,Data Science,Machine Learning,AI Models"
AI Data Scientist,"Data Science,AI,Machine Learning,Deep Learning,Python"
AI Ethics Specialist,"AI Ethics,Data Privacy,Machine Learning,Ethical AI,AI Policy"
AI Operations Engineer,"AI Systems,Machine Learning,Automation,Python,Cloud Computing"
AI Deployment Engineer,"AI Model Deployment,Python,Cloud,Containerization,DevOps"
AI Application Engineer,"AI Applications,Machine Learning,Data Science,Python,Software Engineering"
AI Systems Architect,"System Design,AI,Machine Learning,Cloud,Big Data"
AI Test Engineer,"AI Testing,Automation,Machine Learning,Python,Selenium"
AI Data Analyst,"Data Analysis,AI,Machine Learning,SQL,Python"
AI Product Designer,"Product Design,AI,Machine Learning,Prototyping,User Research"
AI Research Engineer,"Research,Machine Learning,Deep Learning,NLP,Python"
AI Modeler,"Machine Learning,Deep Learning,TensorFlow,PyTorch,Data Modeling"
AI Software Architect,"Software Architecture,AI Systems,Machine Learning,Cloud Computing,Python"
AI Performance Engineer,"AI Optimization,Performance Tuning,Machine Learning,Cloud Computing,Python"
AI Trainer and Data Scientist,"Training AI Models,Data Science,Python,Machine Learning,Deep Learning"
AI Platform Engineer,"AI Platform,Machine Learning,Cloud Computing,Infrastructure,Python"
AI Integration Engineer,"Integration,Machine Learning,AI,Python,Cloud"
Junior Software Engineer,"Java,C++,Python,HTML,CSS,JavaScript,Git,Basic Data Structures,Algorithms,Object-Oriented Programming (OOP)"
Junior Frontend Developer,"HTML,CSS,JavaScript,React,Vue.js,Git,Basic Responsive Design,Version Control,Bootstrap"
Junior Backend Developer,"Node.js,Express,Python,Java,RESTful APIs,MySQL,PostgreSQL,Version Control,Database Design"
Junior Full Stack Developer,"JavaScript,HTML,CSS,React,Node.js,MongoDB,Express,RESTful APIs,Version Control"
Senior Software Engineer,"Java,C++,Python,Advanced Data Structures,Algorithms,System Design,Architecture Design,Microservices,Cloud Computing,CI/CD,Agile Development"
Senior Frontend Developer,"HTML,CSS,JavaScript,React,Vue.js,Angular,TypeScript,Responsive Web Design,Version Control,Performance Optimization"
Senior Backend Developer,"Node.js,Express,Java,Spring Boot,Python,Ruby on Rails,RESTful APIs,GraphQL,Microservices,Database Management,NoSQL Databases"
Senior Full Stack Developer,"JavaScript,React,Node.js,Angular,CSS,HTML,MongoDB,SQL Databases,Microservices,GraphQL,DevOps,Cloud Computing"
Senior DevOps Engineer,"AWS,Azure,Docker,Kubernetes,CI/CD,Terraform,Linux,Networking,Automation,Infrastructure as Code"
Senior Software Architect,"System Design,Architecture Patterns,Microservices,Cloud Computing,API Design,Security,Scalability,Performance Tuning,Leadership,Mentorship"
Intern Software Engineer,"Java,C++,Python,HTML,CSS,JavaScript,Git,Basic Data Structures,Algorithms,Object-Oriented Programming (OOP),Version Control,SQL,Problem Solving,Basic Web Development"
Intern Frontend Developer,"HTML,CSS,JavaScript,Basic React,Version Control (Git),Responsive Web Design,Basic CSS Frameworks (Bootstrap),UI/UX Basics,Cross-Browser Compatibility"
Intern Backend Developer,"Node.js,Express,Python,RESTful APIs,SQL,MongoDB,Basic Server-Side Development,Version Control (Git),Database Querying,Basic Authentication and Authorization"
Intern Full Stack Developer,"JavaScript,HTML,CSS,React,Node.js,Express,MongoDB,Basic RESTful API Development,Version Control (Git),Database Management"
Intern DevOps Engineer,"Linux,Git,Docker (Basic),CI/CD Basics,Cloud Platforms (AWS, Azure),Basic Networking,Scripting (Bash, Python),Version Control,Automation Tools"
Intern Software Tester,"Manual Testing,Test Case Design,Bug Reporting,Automation Basics (Selenium, Jest),Version Control (Git),Basic SQL,UI/UX Testing,Cross-Platform Testing"
Intern Database Engineer,"SQL,Basic Database Design,Relational Databases (MySQL, PostgreSQL),NoSQL (MongoDB),Version Control (Git),Data Modeling,Basic Query Optimization,Backup and Restore"
Machine Learning Engineer,"TensorFlow, Node.js, Python, SQL, React"
Backend Developer,"Git, TensorFlow, Node.js, React"
Software Engineer,"SQL, TensorFlow, Agile, Docker, JavaScript"
Product Manager,"Python, SQL"
Product Manager,"Docker, JavaScript, TensorFlow, SQL"
Full Stack Developer,"Agile, Docker, Git, TensorFlow"
Data Scientist,"React, Agile, SQL, Git, Python"
Data Scientist,"TensorFlow, React, Node.js"
QA Engineer,"TensorFlow, JavaScript, React, Git"
Software Engineer,"SQL, Agile, Node.js"
Machine Learning Engineer,"SQL, Agile"
Product Manager,"Docker, SQL"
Full Stack Developer,"React, Docker, Agile, SQL"
Data Scientist,"Agile, Git, SQL, Docker"
Product Manager,"Agile, React"
Machine Learning Engineer,"Agile, Docker, Python, TensorFlow, Git"
Data Scientist,"Python, JavaScript"
DevOps Engineer,"Docker, Python, Agile"
Full Stack Developer,"SQL, Git, Agile, JavaScript"
QA Engineer,"Node.js, Python, JavaScript, React"
Machine Learning Engineer,"Git, Docker, Node.js, React"
Backend Developer,"JavaScript, Agile, TensorFlow, SQL, Python"
Machine Learning Engineer,"JavaScript, Python, SQL, Git, Node.js"
DevOps Engineer,"TensorFlow, Git, JavaScript, Agile"
Frontend Developer,"Docker, SQL, JavaScript, React, Agile"
Data Scientist,"Docker, Python"
Data Scientist,"Agile, JavaScript"
Frontend Developer,"Node.js, Docker"
Full Stack Developer,"Git, Python, Docker, Agile, React"
Backend Developer,"JavaScript, Python"
Full Stack Developer,"JavaScript, React, Node.js, TensorFlow, Agile"
Machine Learning Engineer,"JavaScript, Agile, TensorFlow, React, Python"
Product Manager,"JavaScript, Agile"
Software Engineer,"JavaScript, TensorFlow, SQL, React, Git"
DevOps Engineer,"Docker, React, Git, JavaScript"
QA Engineer,"Agile, Node.js"
DevOps Engineer,"SQL, Agile, Docker"
Backend Developer,"JavaScript, Python"
Backend Developer,"Node.js, Python"
Full Stack Developer,"JavaScript, Docker"
UI/UX Designer,"JavaScript, Git, Python, Docker"
Backend Developer,"SQL, JavaScript, Git"
Machine Learning Engineer,"JavaScript, TensorFlow, Agile"
Software Engineer,"Agile, SQL"
Software Engineer,"Agile, React, JavaScript, TensorFlow"
Frontend Developer,"Git, Python"
DevOps Engineer,"Git, JavaScript, React, TensorFlow"
UI/UX Designer,"React, Git, Node.js"
Frontend Developer,"Node.js, Docker"
UI/UX Designer,"Python, Docker, React, Agile, TensorFlow"
QA Engineer,"Git, Node.js"
UI/UX Designer,"Git, JavaScript"
QA Engineer,"SQL, TensorFlow, Docker, React"
UI/UX Designer,"JavaScript, Node.js, Git"
Product Manager,"Python, SQL, Docker"
QA Engineer,"SQL, Python, TensorFlow, Node.js, Git"
Machine Learning Engineer,"Python, Docker"
UI/UX Designer,"Node.js, Python"
Data Scientist,"SQL, Node.js, Python, Git"
QA Engineer,"Node.js, React, TensorFlow"
Product Manager,"Node.js, Agile, Docker, SQL, Python"
QA Engineer,"Docker, Node.js, Git"
Full Stack Developer,"JavaScript, Node.js, Git, Python"
UI/UX Designer,"React, SQL, JavaScript"
QA Engineer,"Node.js, TensorFlow"
Backend Developer,"Docker, Agile, TensorFlow, React, Node.js"
Data Scientist,"JavaScript, Docker, React, Node.js, Agile"
Backend Developer,"JavaScript, Git"
UI/UX Designer,"SQL, Git"
QA Engineer,"JavaScript, Node.js, Git, TensorFlow, SQL"
Data Scientist,"Node.js, JavaScript, TensorFlow"
Backend Developer,"Docker, SQL, Node.js"
QA Engineer,"Git, Agile"
Software Engineer,"Agile, JavaScript, TensorFlow, SQL"
Machine Learning Engineer,"Docker, Node.js, JavaScript"
UI/UX Designer,"React, Python, Git, TensorFlow, Docker"
Backend Developer,"Python, Agile, Docker"
Machine Learning Engineer,"TensorFlow, SQL"
Data Scientist,"TensorFlow, SQL, Python"
Frontend Developer,"Docker, React"
Full Stack Developer,"Docker, JavaScript, Agile, Node.js, Git"
Frontend Developer,"Git, JavaScript, TensorFlow, Node.js"
Machine Learning Engineer,"Python, Agile"
Software Engineer,"Python, Agile, Docker"
UI/UX Designer,"Docker, JavaScript, Python, Git"
UI/UX Designer,"Agile, Git, JavaScript, Python"
QA Engineer,"TensorFlow, React, Git, JavaScript, Node.js"
Frontend Developer,"Node.js, Python, JavaScript"
Machine Learning Engineer,"Docker, JavaScript"
UI/UX Designer,"React, Python, Docker, JavaScript"
Software Engineer,"JavaScript, Docker, React, Python, Agile"
DevOps Engineer,"Agile, SQL, JavaScript, Docker"
Software Engineer,"TensorFlow, Node.js, Agile, JavaScript"
Data Scientist,"Python, Docker, JavaScript, Git"
QA Engineer,"SQL, Git, Docker"
Software Engineer,"Node.js, SQL"
DevOps Engineer,"JavaScript, Agile, Node.js"
Backend Developer,"Python, Docker, TensorFlow, React, Node.js"
Product Manager,"Git, SQL, TensorFlow, Docker"
QA Engineer,"SQL, Node.js, React"
Software Engineer,"Agile, TensorFlow"
Backend Developer,"Git, Docker, React"
Software Engineer,"Python, Git, TensorFlow, SQL"
Data Scientist,"JavaScript, React, Git, Python"
Backend Developer,"Git, TensorFlow"
UI/UX Designer,"Python, JavaScript, Git"
Frontend Developer,"SQL, React"
Full Stack Developer,"Git, TensorFlow, React, Node.js, Docker"
Software Engineer,"TensorFlow, Python, SQL"
Backend Developer,"Python, Node.js, Git, React, Docker"
Backend Developer,"React, Python"
DevOps Engineer,"SQL, TensorFlow, JavaScript, React, Docker"
DevOps Engineer,"SQL, JavaScript, Node.js, Agile, Python"
Machine Learning Engineer,"Git, Node.js, Python"
Backend Developer,"React, Git, JavaScript"
Product Manager,"SQL, React, Docker, Agile, Git"
Software Engineer,"React, JavaScript, SQL, Git, Docker"
Frontend Developer,"Docker, TensorFlow"
Frontend Developer,"Git, Docker, React, Agile, Python"
DevOps Engineer,"JavaScript, React, Docker"
UI/UX Designer,"JavaScript, Docker, React, Node.js"
Data Scientist,"TensorFlow, Docker, Python, Agile, SQL"
Software Engineer,"Git, JavaScript, Python, Node.js"
QA Engineer,"TensorFlow, JavaScript, Agile, SQL"
Machine Learning Engineer,"Node.js, SQL, JavaScript"
Full Stack Developer,"JavaScript, Docker, React"
Software Engineer,"TensorFlow, Agile"
Frontend Developer,"React, Git, Node.js, Python, Agile"
Backend Developer,"Node.js, SQL, React, JavaScript, Docker"
Machine Learning Engineer,"Node.js, Docker, JavaScript, Python"
Machine Learning Engineer,"React, Python, Node.js, Docker"
Full Stack Developer,"Node.js, Git, TensorFlow"
Machine Learning Engineer,"Python, Docker"
Full Stack Developer,"SQL, Python, Git, Docker, JavaScript"
Machine Learning Engineer,"Node.js, Docker"
Data Scientist,"Agile, SQL, TensorFlow"
Software Engineer,"JavaScript, TensorFlow, SQL"
Frontend Developer,"Git, Python, React"
Frontend Developer,"Python, TensorFlow, JavaScript, Agile, SQL"
Machine Learning Engineer,"Node.js, SQL, Agile, Git, React"
Frontend Developer,"TensorFlow, Docker, Agile, JavaScript, SQL"
Software Engineer,"Git, Docker, JavaScript"
Frontend Developer,"React, Agile, Node.js, Git, TensorFlow"
Data Scientist,"Agile, JavaScript, React, TensorFlow"
Frontend Developer,"Git, React"
Frontend Developer,"React, Git, Python"
Frontend Developer,"Node.js, Git"
Full Stack Developer,"Docker, TensorFlow, SQL, Python"
Data Scientist,"React, TensorFlow"
Data Scientist,"JavaScript, Git"
Data Scientist,"Agile, Python, Git, React"
Full Stack Developer,"JavaScript, React"
Data Scientist,"Agile, JavaScript, Git, TensorFlow, SQL"
Data Scientist,"Agile, Python"
Frontend Developer,"Git, Agile, Docker, JavaScript"
Data Scientist,"TensorFlow, Agile"
Frontend Developer,"Agile, Python, React, TensorFlow, Docker"
Backend Developer,"Agile, Python, JavaScript"
Machine Learning Engineer,"Node.js, React, Git"
Software Engineer,"SQL, Docker, TensorFlow"
Frontend Developer,"JavaScript, Docker, Git"
Machine Learning Engineer,"Node.js, Agile, React, Python"
Full Stack Developer,"Git, Agile"
Frontend Developer,"TensorFlow, Node.js, SQL"
Backend Developer,"Node.js, SQL"
Backend Developer,"JavaScript, Python, React, Agile"
Frontend Developer,"Python, Git"
Data Scientist,"Agile, Python, SQL, JavaScript"
DevOps Engineer,"Node.js, React"
QA Engineer,"TensorFlow, SQL, Docker"
Machine Learning Engineer,"TensorFlow, Agile"
DevOps Engineer,"Agile, SQL"
Software Engineer,"Node.js, Python"
QA Engineer,"JavaScript, Git, Node.js"
Full Stack Developer,"SQL, Agile, Git, JavaScript"
Software Engineer,"Node.js, TensorFlow, JavaScript"
Machine Learning Engineer,"TensorFlow, Node.js"
Full Stack Developer,"Node.js, Python"
Backend Developer,"Git, JavaScript, React, Docker, SQL"
Machine Learning Engineer,"TensorFlow, React, Python"
Backend Developer,"Node.js, TensorFlow, JavaScript, React"
Machine Learning Engineer,"TensorFlow, Python, Agile"
Frontend Developer,"Git, SQL, Agile, Python"
QA Engineer,"Docker, Python, Agile"
Product Manager,"Node.js, TensorFlow, Agile"
Frontend Developer,"React, Node.js"
Full Stack Developer,"SQL, TensorFlow, Node.js"
Data Scientist,"Python, Docker, SQL, Git"
Machine Learning Engineer,"Python, JavaScript"
Software Engineer,"TensorFlow, Python"
Backend Developer,"SQL, React, Python"
Backend Developer,"Node.js, Docker, Git, React"
QA Engineer,"Git, SQL, Agile, React, Docker"
Backend Developer,"SQL, Git, Agile, TensorFlow"
Product Manager,"React, Node.js, SQL"
Machine Learning Engineer,"SQL, Docker"
Machine Learning Engineer,"Docker, TensorFlow, SQL, Python"
QA Engineer,"JavaScript, Python"
Product Manager,"Docker, TensorFlow"
Software Engineer,"Agile, SQL, Python"
Frontend Developer,"React, Python, Git"
UI/UX Designer,"Docker, SQL, Python, Agile"
Frontend Developer,"TensorFlow, Python, Agile, Docker, SQL"
Software Engineer,"Node.js, SQL, Python"
Product Manager,"Agile, Docker, Python, React, Git"
DevOps Engineer,"Agile, Python, Node.js"
Full Stack Developer,"Agile, Node.js, Git, Python, SQL"
DevOps Engineer,"TensorFlow, SQL, Node.js, Agile, Git"
Machine Learning Engineer,"Node.js, Docker, React, TensorFlow"
Product Manager,"Node.js, Python, Git"
Full Stack Developer,"Git, TensorFlow, SQL, React, Docker"
UI/UX Designer,"TensorFlow, Docker, SQL"
Product Manager,"SQL, React, Git, Python"
UI/UX Designer,"Node.js, Agile, Git, React"
Product Manager,"Git, Node.js, Docker"
Data Scientist,"JavaScript, Node.js, React, Agile, TensorFlow"
Data Scientist,"Docker, Git"
Frontend Developer,"Docker, SQL, React"
DevOps Engineer,"Git, SQL, Node.js, Python, Agile"
Backend Developer,"TensorFlow, SQL, Agile, JavaScript, React"
Backend Developer,"JavaScript, Git, Node.js"
Data Scientist,"SQL, Agile, JavaScript, Node.js, Git"
Product Manager,"Agile, Docker, TensorFlow, SQL"
Full Stack Developer,"Git, React"
DevOps Engineer,"Git, Docker, TensorFlow"
Machine Learning Engineer,"TensorFlow, SQL, Node.js, Python"
UI/UX Designer,"TensorFlow, React, Git, Python, Node.js"
DevOps Engineer,"TensorFlow, Python, Agile, React"
Machine Learning Engineer,"Node.js, Python, Git, Agile, JavaScript"
Full Stack Developer,"React, Python"
Data Scientist,"Git, Agile, SQL, TensorFlow"
Software Engineer,"Agile, Python, React"
Backend Developer,"Docker, SQL, React, Git, TensorFlow"
Software Engineer,"Python, Docker, React, Git, TensorFlow"
Product Manager,"Docker, Git, Python, Node.js, Agile"
Software Engineer,"Node.js, Docker"
Machine Learning Engineer,"Node.js, Docker, Python, React"
QA Engineer,"Agile, SQL, Docker"
Backend Developer,"Agile, SQL, Docker, TensorFlow"
Software Engineer,"Docker, Python, React"
Product Manager,"TensorFlow, Docker, Python"
Machine Learning Engineer,"JavaScript, TensorFlow"
DevOps Engineer,"TensorFlow, Node.js, Docker"
DevOps Engineer,"Python, JavaScript, React"
Software Engineer,"Docker, Python, Git"
QA Engineer,"JavaScript, SQL, Git, React, Agile"
Software Engineer,"Python, JavaScript, SQL, Agile"
Backend Developer,"SQL, Git, Python, Agile, JavaScript"
Software Engineer,"Docker, JavaScript"
Backend Developer,"Git, Node.js"
Frontend Developer,"Git, Agile, JavaScript, Docker, TensorFlow"
Product Manager,"Agile, React, Docker, SQL, Node.js"
Full Stack Developer,"TensorFlow, React, JavaScript"
Machine Learning Engineer,"Docker, SQL"
Data Scientist,"Docker, React, JavaScript, Git, SQL"
DevOps Engineer,"SQL, Git"
UI/UX Designer,"Git, Agile, Docker"
DevOps Engineer,"Node.js, Git, React, SQL"
UI/UX Designer,"Node.js, Git, React"
Full Stack Developer,"TensorFlow, SQL, Docker, Python, Agile"
QA Engineer,"TensorFlow, React, JavaScript, SQL"
Product Manager,"Node.js, Docker, JavaScript"
Software Engineer,"Agile, React, TensorFlow"
Software Engineer,"React, JavaScript, Node.js, SQL"
Data Scientist,"Agile, Python"
Software Engineer,"Agile, TensorFlow"
DevOps Engineer,"React, Node.js, JavaScript, Git, Docker"
Full Stack Developer,"Python, TensorFlow, JavaScript, Docker, Node.js"
Software Engineer,"TensorFlow, Git, Python"
Data Scientist,"Node.js, SQL, React"
Data Scientist,"TensorFlow, SQL, Agile, Python, Git"
Frontend Developer,"JavaScript, Agile, SQL"
DevOps Engineer,"React, Python, SQL, JavaScript"
Product Manager,"Node.js, React"
Software Engineer,"JavaScript, SQL, Node.js"
Backend Developer,"React, Git, Agile, TensorFlow"
Full Stack Developer,"SQL, Docker, Git, TensorFlow"
Machine Learning Engineer,"React, Agile, JavaScript, Git, SQL"
Frontend Developer,"JavaScript, Git, React, Node.js"
DevOps Engineer,"JavaScript, Docker, Agile, Git, Python"
UI/UX Designer,"React, Python, SQL, Docker, TensorFlow"
Software Engineer,"SQL, Docker, JavaScript"
DevOps Engineer,"Agile, React, Node.js, Python, TensorFlow"
Data Scientist,"Agile, JavaScript"
UI/UX Designer,"React, JavaScript, TensorFlow"
Backend Developer,"React, SQL"
DevOps Engineer,"Agile, React, Python, JavaScript"
Software Engineer,"Agile, Docker, React, JavaScript"
Product Manager,"Docker, Agile, JavaScript"
Full Stack Developer,"React, Docker, Node.js, TensorFlow, SQL"
DevOps Engineer,"Node.js, JavaScript, React, Git"
Product Manager,"Python, Node.js, Docker, Agile, SQL"
Product Manager,"JavaScript, React, TensorFlow"
Software Engineer,"SQL, Python, Git, Node.js"
QA Engineer,"TensorFlow, React, Agile"
QA Engineer,"Node.js, Docker, React"
Product Manager,"Agile, TensorFlow, Node.js"
Software Engineer,"Docker, TensorFlow, React, Agile"
Frontend Developer,"Python, Node.js, JavaScript, Docker, Git"
QA Engineer,"React, Agile, Python"
Machine Learning Engineer,"SQL, Python, Git, TensorFlow"
Full Stack Developer,"Python, TensorFlow"
DevOps Engineer,"Git, Docker, React, TensorFlow, Python"
Full Stack Developer,"Git, JavaScript, TensorFlow"
Backend Developer,"SQL, Git, Python"
UI/UX Designer,"TensorFlow, Docker"
Backend Developer,"SQL, Docker, Python"
Backend Developer,"Git, Docker, Node.js, SQL"
Machine Learning Engineer,"Docker, TensorFlow, React, Node.js, Agile"
QA Engineer,"Agile, Docker, SQL, Git, JavaScript"
Product Manager,"Node.js, JavaScript"
QA Engineer,"Node.js, Git, Agile"
Frontend Developer,"Git, JavaScript, TensorFlow"
Product Manager,"Docker, Node.js, Python"
Machine Learning Engineer,"Python, SQL"
Data Scientist,"JavaScript, Docker, SQL"
Full Stack Developer,"Python, TensorFlow"
UI/UX Designer,"Docker, JavaScript, React, TensorFlow"
QA Engineer,"Python, JavaScript, React"
Frontend Developer,"JavaScript, Agile, Git, React, Node.js"
Software Engineer,"SQL, Agile"
UI/UX Designer,"JavaScript, Agile, React"
QA Engineer,"Git, TensorFlow, Agile, JavaScript, React"
Product Manager,"Node.js, SQL"
UI/UX Designer,"SQL, Git, JavaScript"
UI/UX Designer,"React, Agile, Node.js, TensorFlow"
Data Scientist,"Node.js, Git, JavaScript, Agile, React"
DevOps Engineer,"Git, React, TensorFlow, JavaScript"
Full Stack Developer,"React, Docker, Agile, Git, Python"
Machine Learning Engineer,"Agile, Python"
Software Engineer,"TensorFlow, Python, React"
Data Scientist,"JavaScript, TensorFlow, Agile"
UI/UX Designer,"Docker, Node.js, Git"
Product Manager,"Python, Agile, Docker, JavaScript, SQL"
Frontend Developer,"SQL, React, TensorFlow, Python, Node.js"
Machine Learning Engineer,"Git, Docker, Node.js"
UI/UX Designer,"Docker, React"
Frontend Developer,"Python, React, SQL, JavaScript, Node.js"
Product Manager,"JavaScript, React, TensorFlow, Docker"
Product Manager,"Docker, SQL"
Data Scientist,"Git, Agile, Node.js"
Software Engineer,"TensorFlow, Docker, Node.js, Git, JavaScript"
Software Engineer,"Python, TensorFlow, Agile, React, Docker"
Full Stack Developer,"React, Docker, Node.js"
Software Engineer,"Docker, Python"
Data Scientist,"JavaScript, TensorFlow, Git"
Machine Learning Engineer,"Git, Agile, Node.js"
Product Manager,"JavaScript, Node.js, Git"
Machine Learning Engineer,"Agile, Python, Node.js, JavaScript, Git"
DevOps Engineer,"Python, Node.js, Docker, SQL"
DevOps Engineer,"React, Git, JavaScript, SQL, Docker"
Frontend Developer,"Node.js, React, Git"
Product Manager,"Node.js, SQL, TensorFlow"
Data Scientist,"Node.js, SQL, JavaScript"
Software Engineer,"JavaScript, Agile, Node.js, Docker, Git"
DevOps Engineer,"SQL, JavaScript, Node.js"
Frontend Developer,"Node.js, TensorFlow, Python"
Backend Developer,"TensorFlow, React, Agile, Docker"
Data Scientist,"Python, SQL, TensorFlow, Agile"
DevOps Engineer,"TensorFlow, Docker, Python, JavaScript, Agile"
Backend Developer,"TensorFlow, Agile, React, Python"
Data Scientist,"JavaScript, TensorFlow, Python"
QA Engineer,"Python, Node.js, SQL, JavaScript, TensorFlow"
Product Manager,"Docker, TensorFlow, Agile, SQL"
Full Stack Developer,"Docker, Agile, Python"
Machine Learning Engineer,"Git, TensorFlow, React"
Product Manager,"Agile, Git, SQL"
DevOps Engineer,"Agile, SQL, Node.js, TensorFlow, Git"
Full Stack Developer,"Agile, Node.js, TensorFlow"
Full Stack Developer,"JavaScript, React, Python"
UI/UX Designer,"SQL, Git, Docker, Python, Node.js"
Product Manager,"JavaScript, SQL, TensorFlow"
Backend Developer,"TensorFlow, SQL, Python"
DevOps Engineer,"React, TensorFlow, Git, Agile, SQL"
Data Scientist,"SQL, Agile, React, TensorFlow"
Full Stack Developer,"Docker, JavaScript, Node.js, Python, Agile"
Machine Learning Engineer,"Git, Python, React"
Data Scientist,"React, TensorFlow, Node.js, JavaScript"
Data Scientist,"Node.js, SQL, Git"
Full Stack Developer,"Node.js, Docker, Python, SQL"
Software Engineer,"JavaScript, Docker, Git"
QA Engineer,"SQL, React"
QA Engineer,"Git, React"
Machine Learning Engineer,"Git, Agile, SQL, Node.js, Docker"
Product Manager,"JavaScript, TensorFlow, SQL, Agile, React"
DevOps Engineer,"TensorFlow, JavaScript, Node.js, Python"
Data Scientist,"Python, Docker, TensorFlow, React"
Product Manager,"SQL, Agile, React"
Full Stack Developer,"Docker, SQL, React, Python, Agile"
Frontend Developer,"JavaScript, Node.js, TensorFlow, React"
QA Engineer,"Git, React, Agile, SQL, JavaScript"
Data Scientist,"SQL, Python, TensorFlow, Agile, Node.js"
Data Scientist,"Docker, Python, JavaScript, Agile"
Product Manager,"SQL, Agile, Node.js"
Full Stack Developer,"Docker, Python, Node.js, JavaScript, Agile"
DevOps Engineer,"Node.js, Python, JavaScript"
Software Engineer,"Python, SQL"
Software Engineer,"SQL, Python, Git, Agile"
Backend Developer,"Python, JavaScript, Node.js, SQL, Agile"
Software Engineer,"SQL, Node.js, JavaScript"
Backend Developer,"Agile, TensorFlow, Node.js, Git, Docker"
Machine Learning Engineer,"SQL, JavaScript, Python, TensorFlow"
Machine Learning Engineer,"TensorFlow, React"
Software Engineer,"Node.js, React, TensorFlow, Git, Python"
Machine Learning Engineer,"TensorFlow, Git"
DevOps Engineer,"Python, React, Node.js, JavaScript, SQL"
Product Manager,"Docker, Agile, React"
Software Engineer,"Docker, Python, TensorFlow, SQL"
Data Scientist,"Agile, React, Git, SQL"
Software Engineer,"Agile, Docker, Python"
QA Engineer,"JavaScript, Docker, Node.js, Git, Agile"
DevOps Engineer,"Agile, Python, JavaScript, Docker, Git"
Product Manager,"Node.js, Agile, React, TensorFlow, SQL"
DevOps Engineer,"Node.js, Git, Python"
Data Scientist,"TensorFlow, Git, Agile, Python, Docker"
Full Stack Developer,"Node.js, SQL, Python, TensorFlow"
QA Engineer,"React, Docker, Agile, Git, Node.js"
Backend Developer,"Docker, TensorFlow, React"
QA Engineer,"React, SQL, TensorFlow, JavaScript, Agile"
Product Manager,"Agile, Git"
QA Engineer,"JavaScript, SQL"
Product Manager,"Docker, SQL, React"
Product Manager,"Git, Node.js"
QA Engineer,"Git, SQL, TensorFlow, JavaScript"
Full Stack Developer,"JavaScript, Docker, React"
Backend Developer,"React, Agile, Node.js"
QA Engineer,"Python, Agile"
Product Manager,"Agile, Git, Python"
Backend Developer,"Python, SQL, Node.js"
DevOps Engineer,"Docker, SQL"
Full Stack Developer,"Python, Node.js, Docker"
Full Stack Developer,"JavaScript, React, Agile"
UI/UX Designer,"JavaScript, Docker, TensorFlow, Python, React"
UI/UX Designer,"Node.js, Git"
QA Engineer,"JavaScript, Agile, SQL, TensorFlow"
Machine Learning Engineer,"Node.js, Python, SQL"
Machine Learning Engineer,"SQL, Git, Python"
QA Engineer,"Docker, Node.js"
UI/UX Designer,"Git, TensorFlow, React"
Product Manager,"Node.js, TensorFlow, Docker, Git, Python"
Software Engineer,"Agile, SQL"
Product Manager,"TensorFlow, Python, JavaScript, Node.js"
Machine Learning Engineer,"SQL, Agile"
Machine Learning Engineer,"Python, React, Node.js, Agile, Docker"
DevOps Engineer,"TensorFlow, JavaScript, Python, SQL, React"
QA Engineer,"Agile, Node.js"
Backend Developer,"JavaScript, React, Git, Agile"
DevOps Engineer,"Python, TensorFlow, Agile, SQL, Git"
DevOps Engineer,"Python, JavaScript, Git, Node.js, Agile"
Data Scientist,"Node.js, SQL"
Data Scientist,"Python, TensorFlow, JavaScript, Node.js"
Frontend Developer,"Agile, Git, SQL, React, JavaScript"
Data Scientist,"SQL, Agile, Node.js, React"
Full Stack Developer,"TensorFlow, Python, SQL, React, Agile"
UI/UX Designer,"React, Agile, Git, SQL"
UI/UX Designer,"Node.js, React, Git, Docker"
UI/UX Designer,"SQL, React, Node.js"
Backend Developer,"Python, Agile, TensorFlow, SQL, Node.js"
Data Scientist,"JavaScript, Docker, Agile, Node.js, Git"
Backend Developer,"Git, Docker, Agile, React, Python"
Data Scientist,"Docker, Agile, SQL"
Software Engineer,"Git, React"
Product Manager,"React, Agile"
QA Engineer,"Python, SQL, Agile, Git, React"
Backend Developer,"TensorFlow, Python, SQL, JavaScript"
DevOps Engineer,"TensorFlow, Git, Node.js, Agile, Docker"
Machine Learning Engineer,"Python, JavaScript, SQL, Agile, Node.js"
Machine Learning Engineer,"Agile, Node.js, Docker"
QA Engineer,"Python, JavaScript, Agile"
QA Engineer,"Git, JavaScript, Python, SQL"
Backend Developer,"Docker, Agile, TensorFlow"
Product Manager,"Docker, SQL, JavaScript"
Frontend Developer,"Git, Node.js, Docker"
Frontend Developer,"Docker, Git, TensorFlow"
Backend Developer,"Python, Git, Agile"
Software Engineer,"Git, Python"
DevOps Engineer,"Docker, React, Git, JavaScript, TensorFlow"
QA Engineer,"React, Git"
Data Scientist,"Docker, Agile"
Full Stack Developer,"Agile, Node.js, Python, TensorFlow"
Full Stack Developer,"React, Git, Agile, TensorFlow"
QA Engineer,"Python, SQL"
Machine Learning Engineer,"Agile, Docker, Python, Node.js"
UI/UX Designer,"TensorFlow, Python, React"
UI/UX Designer,"Git, TensorFlow, Node.js, Docker, JavaScript"
Backend Developer,"SQL, Python, Git, TensorFlow, Docker"
Backend Developer,"Git, Agile, Node.js, React, SQL"
Backend Developer,"Agile, Docker"
UI/UX Designer,"Python, JavaScript, TensorFlow, Node.js"
Software Engineer,"React, Git, SQL, Agile, TensorFlow"
Full Stack Developer,"JavaScript, Git, TensorFlow, Agile, Python"
Full Stack Developer,"SQL, JavaScript, Agile, React, Docker"
Machine Learning Engineer,"Docker, Git"
Data Scientist,"Python, Git"
UI/UX Designer,"Git, Agile"
Backend Developer,"React, Node.js"
Full Stack Developer,"JavaScript, Git, TensorFlow"
Product Manager,"Python, Git, SQL, JavaScript, Agile"
Full Stack Developer,"JavaScript, Agile"
UI/UX Designer,"SQL, TensorFlow, Agile"
Product Manager,"Docker, Python, SQL, React, JavaScript"
Backend Developer,"Node.js, TensorFlow, React, JavaScript"
Machine Learning Engineer,"Agile, Git, JavaScript, TensorFlow, SQL"
DevOps Engineer,"SQL, JavaScript, Node.js, Git"
Product Manager,"Node.js, SQL"
Full Stack Developer,"Python, Docker"
Software Engineer,"Agile, Docker, React, Git, JavaScript"
Backend Developer,"Agile, TensorFlow, JavaScript, SQL, Git"
Full Stack Developer,"SQL, Python"
Frontend Developer,"Git, Docker, SQL"
Software Engineer,"Node.js, SQL, TensorFlow"
Product Manager,"Git, React"
Backend Developer,"Node.js, Git"
Machine Learning Engineer,"Node.js, Agile, Docker"
Product Manager,"Docker, SQL"
Data Scientist,"TensorFlow, Git, Node.js"
Software Engineer,"Node.js, Python, Docker, Agile"
QA Engineer,"JavaScript, React, Agile, Git, SQL"
Software Engineer,"Node.js, Python, TensorFlow, Git, React"
Machine Learning Engineer,"TensorFlow, Git, Python"
Frontend Developer,"Python, Docker, React, TensorFlow, Node.js"
Full Stack Developer,"React, SQL"
Frontend Developer,"React, Node.js"
Frontend Developer,"Docker, React, Node.js, JavaScript"
Frontend Developer,"SQL, JavaScript, Git"
Software Engineer,"React, TensorFlow"
DevOps Engineer,"TensorFlow, Git, Agile, Docker, Node.js"
Machine Learning Engineer,"Docker, SQL, Git, Python, Node.js"
Machine Learning Engineer,"TensorFlow, React, Python, Node.js, JavaScript"
UI/UX Designer,"JavaScript, Agile, React, Node.js"
Full Stack Developer,"React, TensorFlow, SQL, Node.js, Docker"
DevOps Engineer,"Docker, Node.js"
Software Engineer,"Git, JavaScript, Agile"
Backend Developer,"Docker, JavaScript"
Data Scientist,"Node.js, Agile, Python"
QA Engineer,"JavaScript, SQL, Node.js, Agile"
Software Engineer,"SQL, React, Agile, Git, Python"
Frontend Developer,"React, SQL, Git"
Product Manager,"React, Python, TensorFlow, Docker"
QA Engineer,"JavaScript, SQL, Python, Git, React"
Data Scientist,"JavaScript, SQL, Node.js"
Frontend Developer,"Docker, SQL, Node.js"
Full Stack Developer,"Git, Python, Agile, Node.js"
Data Scientist,"SQL, Docker"
Product Manager,"Git, JavaScript, TensorFlow, React, Node.js"
Software Engineer,"SQL, Git"
Data Scientist,"Agile, Node.js, Git"
Software Engineer,"JavaScript, Agile, SQL, Docker, TensorFlow"
Backend Developer,"SQL, Agile, TensorFlow"
DevOps Engineer,"Agile, Node.js, JavaScript, Docker"
Backend Developer,"SQL, Docker, React, Python, TensorFlow"
Full Stack Developer,"TensorFlow, SQL, Agile, React, Git"
Backend Developer,"SQL, Docker, Node.js, JavaScript, Python"
Machine Learning Engineer,"React, JavaScript, Python, TensorFlow, Agile"
Frontend Developer,"Git, React, Agile"
QA Engineer,"SQL, TensorFlow, React, Python, Agile"
QA Engineer,"SQL, Python, JavaScript"
Product Manager,"Node.js, TensorFlow, React, JavaScript, SQL"
Frontend Developer,"React, Docker, JavaScript"
Frontend Developer,"Agile, React, Docker, Node.js, JavaScript"
Backend Developer,"Python, SQL, Docker"
Frontend Developer,"Docker, JavaScript, React, Agile, TensorFlow"
Machine Learning Engineer,"TensorFlow, JavaScript, Python, Agile, Docker"
UI/UX Designer,"Agile, Git, Docker, Node.js, SQL"
UI/UX Designer,"SQL, TensorFlow, Node.js"
QA Engineer,"Git, React, Agile, TensorFlow"
QA Engineer,"Python, TensorFlow, Agile"
Software Engineer,"JavaScript, SQL, Node.js, Docker"
DevOps Engineer,"Node.js, Docker"
UI/UX Designer,"JavaScript, SQL, Python, React, Git"
Full Stack Developer,"React, JavaScript, Git, Node.js, TensorFlow"
UI/UX Designer,"Agile, Node.js, Python, Git"
Full Stack Developer,"TensorFlow, SQL"
Frontend Developer,"React, Python, Git"
Frontend Developer,"Git, React"
Product Manager,"TensorFlow, React, Node.js"
Product Manager,"Node.js, Agile, Python, React, TensorFlow"
Machine Learning Engineer,"Docker, SQL, Python, Agile"
Data Scientist,"SQL, TensorFlow, React, Git, JavaScript"
DevOps Engineer,"Python, React"
Backend Developer,"JavaScript, Git, React, Node.js, TensorFlow"
Product Manager,"Agile, JavaScript, Python"
Data Scientist,"Node.js, Agile, SQL, Docker"
Full Stack Developer,"TensorFlow, JavaScript"
QA Engineer,"React, Docker"
DevOps Engineer,"TensorFlow, SQL"
Machine Learning Engineer,"SQL, TensorFlow, Python"
Software Engineer,"React, Python, TensorFlow, JavaScript"
QA Engineer,"Git, Docker, Agile, JavaScript, TensorFlow"
UI/UX Designer,"JavaScript, Docker, Node.js"
Frontend Developer,"Git, TensorFlow"
DevOps Engineer,"Agile, TensorFlow, JavaScript, SQL"
UI/UX Designer,"Python, TensorFlow, Git, Docker"
Machine Learning Engineer,"JavaScript, TensorFlow, Python"
QA Engineer,"Docker, Git, SQL, React, Agile"
Software Engineer,"SQL, Agile, Node.js"
Data Scientist,"TensorFlow, Agile, Git, React, Node.js"
Software Engineer,"Docker, Agile, Node.js, Git"
Frontend Developer,"Agile, Docker, Node.js, JavaScript, Git"
Full Stack Developer,"Node.js, Agile, Git, React, Python"
Backend Developer,"Node.js, TensorFlow, Git, Docker, SQL"
Backend Developer,"JavaScript, TensorFlow, Git, SQL"
UI/UX Designer,"SQL, Python, Agile, Node.js"
DevOps Engineer,"Docker, React, SQL"
Full Stack Developer,"SQL, Docker, Python"
QA Engineer,"SQL, Docker, React, Python, Agile"
Product Manager,"Agile, React, Git"
Full Stack Developer,"SQL, TensorFlow"
Machine Learning Engineer,"JavaScript, Agile, Docker, React"
Full Stack Developer,"JavaScript, Git, React, Agile, Docker"
Product Manager,"Python, Docker, React, Git, JavaScript"
Data Scientist,"SQL, Git, React, Agile"
Data Scientist,"Git, React, Python, JavaScript, SQL"
Full Stack Developer,"Node.js, Docker, SQL, Git"
DevOps Engineer,"Git, JavaScript, Docker"
Machine Learning Engineer,"Git, Docker"
QA Engineer,"Agile, Python, JavaScript, TensorFlow"
Data Scientist,"Python, Agile"
Product Manager,"Git, TensorFlow, React, JavaScript"
Software Engineer,"SQL, Docker, React, TensorFlow"
UI/UX Designer,"JavaScript, Node.js, Agile"
UI/UX Designer,"JavaScript, Git, Agile, TensorFlow, Node.js"
DevOps Engineer,"TensorFlow, Python, SQL, Git, JavaScript"
Product Manager,"SQL, Node.js, Python, TensorFlow"
Frontend Developer,"Python, React, Git, Docker"
Backend Developer,"TensorFlow, Node.js, SQL, React, Docker"
DevOps Engineer,"JavaScript, TensorFlow, Docker, Node.js"
UI/UX Designer,"Python, JavaScript"
Software Engineer,"Git, React, Python, Node.js"
QA Engineer,"JavaScript, SQL, Node.js, Agile"
Data Scientist,"Node.js, Docker, Agile, Git, Python"
Software Engineer,"SQL, React, Git"
Frontend Developer,"SQL, Docker, React, Agile, Node.js"
Software Engineer,"Docker, JavaScript"
Backend Developer,"React, Python, Agile, SQL"
QA Engineer,"JavaScript, Git, TensorFlow"
Data Scientist,"SQL, React, JavaScript"
QA Engineer,"React, SQL, Docker, JavaScript"
Frontend Developer,"React, Python"
Machine Learning Engineer,"Git, SQL, TensorFlow, Agile, Python"
Product Manager,"Agile, JavaScript, Python"
QA Engineer,"Node.js, Docker, Agile, React"
Backend Developer,"Git, Python"
Machine Learning Engineer,"Node.js, React, SQL"
QA Engineer,"React, Docker, JavaScript, Agile"
Product Manager,"Docker, Node.js, Agile, Git"
Backend Developer,"SQL, Git"
QA Engineer,"JavaScript, SQL, Agile"
Data Scientist,"Python, Node.js, TensorFlow"
Backend Developer,"SQL, Agile, React, Git, Docker"
Frontend Developer,"SQL, JavaScript, Git, Agile, React"
Product Manager,"Git, Agile, React, Docker, Node.js"
Software Engineer,"TensorFlow, Git"
DevOps Engineer,"Python, JavaScript, Docker, React, Agile"
Product Manager,"Agile, SQL"
QA Engineer,"Agile, Docker"
Backend Developer,"Python, TensorFlow, Git"
Product Manager,"JavaScript, React, Docker"
Data Scientist,"SQL, TensorFlow"
Frontend Developer,"Agile, TensorFlow, React"
Full Stack Developer,"TensorFlow, Git"
DevOps Engineer,"SQL, Agile, Node.js"
DevOps Engineer,"Python, Docker"
Machine Learning Engineer,"React, Docker, Python"
Frontend Developer,"TensorFlow, Git, Node.js"
Product Manager,"SQL, Docker, JavaScript, Agile, Node.js"
Product Manager,"Agile, SQL"
Full Stack Developer,"Docker, TensorFlow, Git, Python"
Software Engineer,"Git, Docker, Node.js"
Frontend Developer,"Git, TensorFlow, React, JavaScript"
Backend Developer,"React, JavaScript"
Full Stack Developer,"TensorFlow, Docker, SQL, JavaScript"
Full Stack Developer,"Node.js, React"
QA Engineer,"JavaScript, Agile, Docker, Python, TensorFlow"
Product Manager,"Python, Agile, Docker"
UI/UX Designer,"Git, Agile, React"
Data Scientist,"SQL, React, Git"
Product Manager,"JavaScript, Docker"
UI/UX Designer,"Docker, Agile, TensorFlow"
Backend Developer,"Docker, Python, Agile, React, TensorFlow"
DevOps Engineer,"Docker, Python, SQL, Agile, Node.js"
Software Engineer,"SQL, Docker, Node.js, Git, Agile"
DevOps Engineer,"SQL, Python, Agile"
Machine Learning Engineer,"Python, React, Git, Node.js"
Backend Developer,"JavaScript, Python, Docker, Git, SQL"
DevOps Engineer,"Node.js, TensorFlow, Python"
Data Scientist,"Node.js, React, TensorFlow, SQL, Python"
Software Engineer,"Docker, SQL, Python, Agile"
DevOps Engineer,"Docker, Python, Agile, Node.js, JavaScript"
Product Manager,"Node.js, JavaScript"
DevOps Engineer,"React, Node.js, Docker, Agile, TensorFlow"
Frontend Developer,"SQL, Git, TensorFlow"
Product Manager,"JavaScript, SQL, TensorFlow"
UI/UX Designer,"React, Docker, SQL"
Data Scientist,"JavaScript, React"
Machine Learning Engineer,"JavaScript, TensorFlow, React, Agile, SQL"
Frontend Developer,"Agile, TensorFlow"
Machine Learning Engineer,"Python, Docker, SQL"
Software Engineer,"Node.js, Python, React, Agile, Git"
QA Engineer,"JavaScript, React"
Frontend Developer,"Python, SQL, Docker"
Full Stack Developer,"React, SQL, Python, Docker, TensorFlow"
Machine Learning Engineer,"React, Agile, JavaScript, SQL, TensorFlow"
Software Engineer,"SQL, Python"
Full Stack Developer,"Git, SQL, Node.js, Python"
Frontend Developer,"Node.js, Docker, Git, SQL"
Machine Learning Engineer,"Python, JavaScript, TensorFlow, Git, SQL"
Software Engineer,"TensorFlow, SQL, Git, Agile"
Frontend Developer,"Git, Docker, React, Node.js"
Product Manager,"TensorFlow, React, Node.js, Agile"
Frontend Developer,"TensorFlow, Git, React"
Frontend Developer,"React, Node.js, SQL, Python, Git"
DevOps Engineer,"Node.js, JavaScript, React"
Machine Learning Engineer,"JavaScript, React"
Frontend Developer,"Docker, Git, SQL"
Backend Developer,"SQL, Node.js, Agile, React"
Machine Learning Engineer,"Docker, Node.js"
Product Manager,"Agile, Git, Python, Node.js"
Machine Learning Engineer,"TensorFlow, React, Python"
Frontend Developer,"JavaScript, Agile, Docker, SQL"
Frontend Developer,"React, Docker, SQL, Python, Node.js"
Full Stack Developer,"TensorFlow, Agile, Node.js, Docker"
Data Scientist,"JavaScript, Git, SQL, TensorFlow"
Frontend Developer,"SQL, TensorFlow, Agile, Git, Node.js"
Frontend Developer,"Git, Agile"
DevOps Engineer,"Git, JavaScript"
Full Stack Developer,"Docker, Agile, JavaScript, TensorFlow"
Machine Learning Engineer,"React, Node.js, JavaScript, Docker, TensorFlow"
UI/UX Designer,"TensorFlow, Docker, Git, SQL"
Machine Learning Engineer,"Agile, TensorFlow, Git"
UI/UX Designer,"TensorFlow, Git, SQL, Agile"
DevOps Engineer,"SQL, JavaScript, Agile, React"
QA Engineer,"Git, TensorFlow"
QA Engineer,"TensorFlow, Node.js, Python, Agile, JavaScript"
UI/UX Designer,"Git, Python"
UI/UX Designer,"TensorFlow, JavaScript, Git, React"
Backend Developer,"JavaScript, React, Agile, Node.js, TensorFlow"
QA Engineer,"Agile, JavaScript"
DevOps Engineer,"TensorFlow, React, Node.js, Git, Docker"
Full Stack Developer,"SQL, Python"
Product Manager,"Docker, Node.js"
Product Manager,"Node.js, TensorFlow, JavaScript, SQL"
Data Scientist,"Docker, JavaScript, Node.js"
Machine Learning Engineer,"SQL, JavaScript, Node.js, Python"
UI/UX Designer,"Docker, TensorFlow, Node.js"
UI/UX Designer,"TensorFlow, Node.js, React, JavaScript, Python"
Machine Learning Engineer,"SQL, Agile, TensorFlow"
DevOps Engineer,"Agile, Python, Node.js"
Frontend Developer,"Python, Git"
Data Scientist,"Docker, Node.js"
QA Engineer,"Git, JavaScript, SQL, Node.js, Docker"
Backend Developer,"Git, JavaScript, Node.js, Docker, TensorFlow"
QA Engineer,"Agile, React, Node.js, SQL, JavaScript"
Machine Learning Engineer,"Python, SQL, TensorFlow, Git"
UI/UX Designer,"Docker, Agile, Python, SQL"
Frontend Developer,"JavaScript, Agile, Python, Docker, Node.js"
Software Engineer,"Python, Docker"
Full Stack Developer,"Docker, Node.js"
Full Stack Developer,"Git, Docker, React, JavaScript, TensorFlow"
Frontend Developer,"Node.js, TensorFlow, SQL, Git"
Machine Learning Engineer,"Node.js, React, SQL, Git, Docker"
Frontend Developer,"Python, TensorFlow, SQL"
Product Manager,"Docker, Agile"
Backend Developer,"Node.js, React, TensorFlow"
Product Manager,"Git, JavaScript"
Backend Developer,"Git, Node.js, JavaScript, SQL, TensorFlow"
Software Engineer,"Git, TensorFlow"
Machine Learning Engineer,"Agile, React, Node.js, SQL"
Frontend Developer,"Git, Agile, Node.js"
Backend Developer,"React, Docker, Python, Agile"
Machine Learning Engineer,"Agile, Node.js, React, TensorFlow, Python"
Software Engineer,"React, Agile"
Product Manager,"Agile, Node.js"
Machine Learning Engineer,"Python, TensorFlow, React"
UI/UX Designer,"SQL, Agile, React, TensorFlow"
Product Manager,"Git, Agile, Python, JavaScript"
DevOps Engineer,"Python, JavaScript"
UI/UX Designer,"SQL, React, JavaScript"
Machine Learning Engineer,"SQL, Python"
Product Manager,"Node.js, Python, Agile, SQL, Git"
Full Stack Developer,"Agile, JavaScript, Git"
Backend Developer,"JavaScript, Git, React, Node.js"
Full Stack Developer,"TensorFlow, Git, Agile, Node.js, Python"
Frontend Developer,"TensorFlow, Docker"
Machine Learning Engineer,"React, Agile, Python"
Backend Developer,"React, Docker, JavaScript, TensorFlow"
Software Engineer,"Agile, TensorFlow, React, JavaScript, Git"
Machine Learning Engineer,"Git, React, Docker, SQL"
Data Scientist,"Python, Docker, Git, SQL, JavaScript"
DevOps Engineer,"SQL, Agile, Git, TensorFlow, Node.js"
Frontend Developer,"Git, TensorFlow, SQL, React, Agile"
Full Stack Developer,"Git, TensorFlow, Node.js, SQL"
Machine Learning Engineer,"JavaScript, SQL, Docker, Node.js"
Software Engineer,"Git, Python, SQL"
Full Stack Developer,"Git, Agile, Python, React, Docker"
Data Scientist,"Docker, Node.js, Agile"
Data Scientist,"SQL, React, Node.js"
Backend Developer,"Node.js, Git, TensorFlow, SQL"
QA Engineer,"Python, React"
QA Engineer,"Git, Docker, JavaScript, Node.js"
Software Engineer,"Git, Node.js"
UI/UX Designer,"Docker, Git, Agile"
Product Manager,"Git, Agile, SQL, JavaScript"
UI/UX Designer,"Docker, SQL, Python, Node.js, TensorFlow"
UI/UX Designer,"Git, SQL, Node.js, Docker"
Product Manager,"Git, Docker, SQL"
UI/UX Designer,"SQL, TensorFlow, Node.js, Git, Python"
DevOps Engineer,"Agile, Python, React, JavaScript, Node.js"
Backend Developer,"Node.js, TensorFlow, SQL, Git, JavaScript"
Frontend Developer,"TensorFlow, Python, Agile, Node.js"
Data Scientist,"Python, SQL, Agile, Git, Node.js"
Backend Developer,"Agile, Node.js"
Data Scientist,"JavaScript, Agile, TensorFlow, Git, Node.js"
Full Stack Developer,"Agile, JavaScript, Python, Docker, React"
Backend Developer,"SQL, Python, Agile, Git"
Full Stack Developer,"React, SQL, JavaScript"
Backend Developer,"Node.js, Docker, Git"
Full Stack Developer,"JavaScript, Agile"
Backend Developer,"Node.js, Docker, JavaScript"
UI/UX Designer,"React, Docker"
Machine Learning Engineer,"TensorFlow, React, Node.js, Python"
Machine Learning Engineer,"TensorFlow, JavaScript, Node.js, Git"
Data Scientist,"React, SQL"
Backend Developer,"TensorFlow, Node.js, Git, Python"
Machine Learning Engineer,"Docker, Python, React, JavaScript, SQL"
QA Engineer,"SQL, React, Node.js, TensorFlow, Python"
QA Engineer,"Docker, Agile, React, TensorFlow"
Data Scientist,"TensorFlow, SQL, JavaScript, Node.js, Docker"
Frontend Developer,"Agile, TensorFlow, Python, JavaScript, Node.js"
QA Engineer,"TensorFlow, JavaScript, Python, SQL"
Full Stack Developer,"JavaScript, Git, React, Node.js, Python"
QA Engineer,"TensorFlow, React, JavaScript, Git, Docker"
QA Engineer,"Agile, TensorFlow, Git"
Frontend Developer,"Node.js, Docker, Git"
Machine Learning Engineer,"JavaScript, SQL, React, Git"
Software Engineer,"SQL, TensorFlow"
Backend Developer,"Agile, React, SQL, JavaScript"
Data Scientist,"Docker, TensorFlow, SQL, Python, Agile"
Full Stack Developer,"Docker, Python"
Data Scientist,"SQL, Git, Docker, JavaScript"
Data Scientist,"Docker, SQL, TensorFlow"
Full Stack Developer,"Agile, Node.js, JavaScript, Docker, Python"
Frontend Developer,"Agile, TensorFlow, Node.js, Git, JavaScript"
DevOps Engineer,"SQL, JavaScript, Python, TensorFlow, Git"
DevOps Engineer,"React, SQL, Git, Node.js"
Frontend Developer,"React, Node.js, Docker, TensorFlow"
Software Engineer,"SQL, Agile, TensorFlow"
Software Engineer,"Python, Docker"
Backend Developer,"SQL, Docker"
UI/UX Designer,"Git, Node.js, SQL, Agile, JavaScript"
DevOps Engineer,"Python, JavaScript, Git"
Product Manager,"Git, React, SQL, Docker, Python"
UI/UX Designer,"React, TensorFlow"
Frontend Developer,"Node.js, SQL, Agile, JavaScript"
Backend Developer,"Git, Python, TensorFlow"
QA Engineer,"SQL, Python"
Frontend Developer,"React, Python, SQL, Node.js"
Machine Learning Engineer,"Docker, TensorFlow"
Software Engineer,"JavaScript, Docker, Node.js, Git, React"
Machine Learning Engineer,"Agile, TensorFlow, JavaScript"
QA Engineer,"Agile, SQL, Git, JavaScript"
QA Engineer,"Docker, Python, Node.js, TensorFlow, Git"
Full Stack Developer,"Node.js, TensorFlow, Docker, JavaScript, Python"
Machine Learning Engineer,"Agile, Python, Git"
Product Manager,"Docker, React, Node.js, TensorFlow, Python"
Software Engineer,"TensorFlow, Git, JavaScript, SQL"
Data Scientist,"React, TensorFlow, Node.js"
Frontend Developer,"Node.js, Git, Docker, Python"
Backend Developer,"Python, JavaScript, Docker, Git, SQL"
Full Stack Developer,"TensorFlow, Python, Docker, Agile"
Software Engineer,"SQL, Git, TensorFlow, JavaScript, Agile"
Product Manager,"Docker, Node.js"
UI/UX Designer,"JavaScript, SQL, TensorFlow"
Software Engineer,"TensorFlow, SQL, Python, React, JavaScript"
QA Engineer,"JavaScript, Agile, SQL"
Data Scientist,"TensorFlow, JavaScript, Git, Node.js, React"
Product Manager,"Git, Docker"
DevOps Engineer,"Git, Python, Agile, React, Node.js"
DevOps Engineer,"JavaScript, TensorFlow, Docker, Python"
UI/UX Designer,"Python, JavaScript, TensorFlow, SQL"
UI/UX Designer,"Docker, SQL, React, Agile"
Machine Learning Engineer,"SQL, Agile, Python, React, Git"
Full Stack Developer,"Git, SQL"
Software Engineer,"React, SQL, Git, TensorFlow, Docker"
Data Scientist,"Python, Git, JavaScript, Agile, React"
Frontend Developer,"Agile, JavaScript"
Machine Learning Engineer,"TensorFlow, Docker, Node.js, Python"
UI/UX Designer,"Git, SQL"
Product Manager,"Node.js, React"
DevOps Engineer,"JavaScript, Git, Docker, Agile, SQL"
UI/UX Designer,"TensorFlow, Python"
DevOps Engineer,"SQL, Agile, React, JavaScript"
UI/UX Designer,"Node.js, Python, Docker"
Frontend Developer,"Python, SQL"
Software Engineer,"SQL, Docker, React"
Software Engineer,"React, Docker, Git, Node.js, TensorFlow"
Backend Developer,"Docker, JavaScript, TensorFlow, Git, Agile"
Frontend Developer,"JavaScript, Python, Git, Docker, TensorFlow"
Frontend Developer,"React, SQL, TensorFlow, Git, Python"
Software Engineer,"Python, Node.js"
Full Stack Developer,"TensorFlow, Node.js, React, Docker"
QA Engineer,"Node.js, JavaScript, SQL, Git, Agile"
Machine Learning Engineer,"Agile, JavaScript, Git, Node.js, Docker"
DevOps Engineer,"Git, Docker, SQL, Python, TensorFlow"
UI/UX Designer,"Git, SQL, Agile"
Frontend Developer,"React, Agile, Docker, TensorFlow"
Backend Developer,"Python, JavaScript, Git"
Full Stack Developer,"Python, Git, React, Docker, JavaScript"
Frontend Developer,"React, SQL, Git, Agile"
DevOps Engineer,"Agile, Git, JavaScript"
UI/UX Designer,"TensorFlow, JavaScript, Agile, Node.js"
QA Engineer,"Git, Node.js, SQL, Agile, JavaScript"
Software Engineer,"TensorFlow, Git, Docker"
QA Engineer,"Node.js, Python, TensorFlow, React, SQL"
Product Manager,"Docker, TensorFlow, Python"
Product Manager,"Git, Python, Node.js"
Data Scientist,"JavaScript, Git, Docker, Node.js"
QA Engineer,"Agile, React"
Data Scientist,"SQL, Python, TensorFlow, React"
Machine Learning Engineer,"Git, React, Docker, SQL, Agile"
Software Engineer,"JavaScript, Python, Git"
DevOps Engineer,"JavaScript, Python"
DevOps Engineer,"Python, SQL, React, Agile"
Full Stack Developer,"SQL, TensorFlow, Agile"
Frontend Developer,"Python, Agile, React"
Full Stack Developer,"Node.js, JavaScript, TensorFlow, Python, Agile"
Machine Learning Engineer,"Agile, Git, TensorFlow, Python, React"
DevOps Engineer,"TensorFlow, Agile"
Product Manager,"Docker, Node.js"
Full Stack Developer,"Python, Docker, TensorFlow"
Machine Learning Engineer,"Agile, TensorFlow, React, SQL"
Data Scientist,"Git, Python, Agile, Node.js, TensorFlow"
DevOps Engineer,"TensorFlow, SQL, JavaScript, Agile, Python"
Machine Learning Engineer,"Docker, SQL"
Full Stack Developer,"Docker, TensorFlow, Git"
Machine Learning Engineer,"SQL, React, Git"
Full Stack Developer,"Node.js, React, JavaScript, TensorFlow, SQL"
QA Engineer,"Node.js, JavaScript, React, SQL"
UI/UX Designer,"React, SQL, TensorFlow, Agile, Git"
Product Manager,"JavaScript, SQL, React"
Full Stack Developer,"SQL, Python"
Machine Learning Engineer,"Node.js, Python"
Full Stack Developer,"TensorFlow, Agile, Python, Docker"
Machine Learning Engineer,"SQL, JavaScript, Node.js, Git"
Machine Learning Engineer,"SQL, React, Node.js, Agile"
Frontend Developer,"SQL, Agile, Git"
Software Engineer,"React, TensorFlow"
Machine Learning Engineer,"Python, Node.js, JavaScript, Docker, Git"
Machine Learning Engineer,"Python, Git"
Backend Developer,"Docker, JavaScript, SQL, Python"
Product Manager,"JavaScript, React, SQL"
Backend Developer,"React, Docker, Python, Agile"
Frontend Developer,"SQL, Agile, Node.js, Git"
Frontend Developer,"JavaScript, React"
Full Stack Developer,"Docker, Node.js"
QA Engineer,"Python, TensorFlow"
UI/UX Designer,"TensorFlow, Docker"
Software Engineer,"Node.js, JavaScript, SQL, Docker"
Product Manager,"Git, JavaScript"
Product Manager,"Agile, TensorFlow, Node.js, React"
Software Engineer,"Node.js, React, Git, JavaScript"
Full Stack Developer,"SQL, Git, Node.js, JavaScript, React"
DevOps Engineer,"Agile, React"
QA Engineer,"Node.js, TensorFlow, Agile"
UI/UX Designer,"TensorFlow, Node.js, Agile"
Machine Learning Engineer,"Agile, JavaScript"
Frontend Developer,"TensorFlow, SQL, Node.js"
QA Engineer,"Docker, SQL, Node.js, JavaScript"
QA Engineer,"Node.js, SQL, Docker, React, Python"
Data Scientist,"TensorFlow, Agile"
Full Stack Developer,"TensorFlow, React, Python, Node.js"
Backend Developer,"React, Node.js"
QA Engineer,"Git, React, Docker"
Data Scientist,"Agile, Node.js, React, JavaScript, Docker"
Backend Developer,"Python, TensorFlow, React, SQL"
Software Engineer,"Git, TensorFlow, React, Docker"
Frontend Developer,"Docker, TensorFlow, SQL, React"
QA Engineer,"Python, Docker, SQL"
Backend Developer,"Docker, TensorFlow, JavaScript, Node.js, Git"
DevOps Engineer,"SQL, Node.js, Python, Docker, Agile"
DevOps Engineer,"Python, Docker"
Data Scientist,"Docker, JavaScript"
Frontend Developer,"React, JavaScript, Docker"
Product Manager,"Docker, SQL, Git, Agile"
Full Stack Developer,"Agile, Docker"
UI/UX Designer,"TensorFlow, React, Python, SQL, JavaScript"
DevOps Engineer,"Docker, React, TensorFlow, JavaScript, SQL"
Data Scientist,"SQL, Agile, React, JavaScript"
QA Engineer,"Agile, Git"
Full Stack Developer,"Docker, TensorFlow"
Product Manager,"Agile, Python, React, JavaScript, Node.js"
Backend Developer,"JavaScript, React, SQL"
Data Scientist,"Python, Agile, React, SQL"
Data Scientist,"React, TensorFlow, Agile"
UI/UX Designer,"React, Docker, TensorFlow"
Software Engineer,"Python, Agile, Node.js, JavaScript, TensorFlow"
QA Engineer,"SQL, Node.js"
Product Manager,"Agile, Python, SQL"
Data Scientist,"Docker, JavaScript, SQL, Git"
Software Engineer,"Agile, React, Python, SQL"
